Country Name,Country Code,1990,1991,1992,1993,1994,1995,1996,1997,1998,1999,2000,2001,2002,2003,2004,2005,2006,2007,2008,2009,2010,2011,2012,2013,2014,2015,2016,2017,2018,2019,2020
Africa Eastern and Southern,AFE,6.234900963,6.153273661,6.072895894,5.997354726,5.927070654,5.861960989,5.800563047,5.741203229,5.68403287,5.628409024,5.573420635,5.519798023,5.468439023,5.418054778,5.369067382,5.319319874,5.267323783,5.213181254,5.155492943,5.093841084,5.027697539,4.956841766,4.882058153,4.804515752,4.726220442,4.64763738,4.569674667,4.493744221,4.420263916,4.34943582,4.281855763
Afghanistan,AFG,7.466,7.479,7.502,7.535,7.572,7.606,7.629,7.632,7.61,7.561,7.485,7.387,7.272,7.148,7.016,6.875,6.722,6.555,6.373,6.18,5.977,5.77,5.562,5.359,5.163,4.976,4.8,4.633,4.473,4.321,4.176
Africa Western and Central,AFW,6.51814633,6.465487774,6.412091673,6.358929587,6.306823677,6.256944891,6.208204552,6.161530621,6.116602009,6.07312772,6.031044128,5.989972481,5.949390563,5.908659189,5.867799512,5.826674482,5.784452019,5.741847435,5.698842059,5.654398346,5.607672102,5.557871828,5.503781351,5.446144031,5.384335894,5.319473417,5.25167419,5.182391075,5.113002617,5.044144414,4.976545927
Angola,AGO,7.272,7.208,7.138,7.065,6.99,6.918,6.851,6.789,6.732,6.683,6.639,6.601,6.567,6.533,6.499,6.461,6.419,6.372,6.32,6.26,6.194,6.12,6.039,5.953,5.864,5.774,5.686,5.6,5.519,5.442,5.371
Albania,ALB,2.978,2.905,2.829,2.751,2.672,2.591,2.507,2.422,2.334,2.246,2.157,2.068,1.981,1.897,1.821,1.755,1.704,1.671,1.654,1.652,1.66,1.673,1.684,1.69,1.688,1.677,1.659,1.638,1.617,1.597,1.58
Arab World,ARB,5.186831401,5.03609135,4.903709827,4.750052844,4.599175958,4.44181871,4.304188834,4.174583315,4.053980603,3.943607209,3.84571251,3.760436711,3.687280608,3.62645988,3.576135572,3.537575867,3.508948197,3.491093633,3.48070063,3.475024449,3.470383881,3.463102289,3.450660912,3.430476955,3.402070429,3.365221112,3.322437279,3.276487463,3.231001101,3.187157135,3.1457567
United Arab Emirates,ARE,4.454,4.253,4.041,3.827,3.618,3.418,3.232,3.062,2.907,2.768,2.644,2.533,2.432,2.337,2.247,2.161,2.081,2.006,1.939,1.877,1.819,1.763,1.708,1.651,1.595,1.541,1.491,1.448,1.413,1.387,1.369
Argentina,ARG,2.997,2.965,2.925,2.879,2.828,2.773,2.718,2.666,2.618,2.577,2.542,2.512,2.486,2.461,2.438,2.416,2.397,2.38,2.366,2.355,2.346,2.338,2.33,2.322,2.312,2.301,2.288,2.275,2.261,2.247,2.233
Armenia,ARM,2.544,2.484,2.4,2.297,2.179,2.056,1.938,1.832,1.747,1.685,1.648,1.634,1.635,1.645,1.659,1.675,1.69,1.702,1.712,1.719,1.722,1.724,1.725,1.728,1.732,1.738,1.744,1.75,1.755,1.758,1.76
Antigua and Barbuda,ATG,2.067,2.075,2.088,2.107,2.128,2.15,2.17,2.187,2.199,2.203,2.2,2.187,2.166,2.14,2.109,2.077,2.048,2.023,2.005,1.993,1.988,1.989,1.993,1.998,2.001,2.003,2.003,1.999,1.994,1.987,1.978
Australia,AUS,1.902,1.849,1.888,1.859,1.842,1.822,1.796,1.778,1.762,1.755,1.756,1.739,1.756,1.748,1.768,1.807,1.908,1.959,1.984,1.971,1.928,1.926,1.92,1.855,1.826,1.814,1.752,1.741,1.74,1.657,1.581
Austria,AUT,1.46,1.51,1.51,1.5,1.47,1.42,1.45,1.39,1.37,1.34,1.36,1.33,1.39,1.38,1.42,1.41,1.41,1.38,1.42,1.39,1.44,1.43,1.44,1.44,1.46,1.49,1.53,1.52,1.47,1.46,1.44
Azerbaijan,AZE,2.74,2.87,2.74,2.7,2.52,2.29,2.06,2.07,2,2.07,2,1.8,1.8,1.9,2.0535,2,1.97,1.97,1.9,1.82,1.92,1.96,2,1.98,1.97,1.94,1.9,1.75,1.73,1.81,1.7
Burundi,BDI,7.405,7.371,7.329,7.284,7.235,7.185,7.135,7.083,7.03,6.976,6.92,6.862,6.801,6.736,6.666,6.593,6.515,6.435,6.352,6.267,6.179,6.088,5.994,5.897,5.797,5.697,5.599,5.502,5.41,5.321,5.237
Belgium,BEL,1.62,1.66,1.65,1.61,1.56,1.56,1.59,1.6,1.6,1.62,1.67,1.67,1.65,1.67,1.72,1.76,1.8,1.82,1.85,1.84,1.86,1.81,1.8,1.76,1.74,1.7,1.68,1.65,1.62,1.6,1.55
Benin,BEN,6.744,6.677,6.603,6.526,6.446,6.364,6.282,6.199,6.118,6.038,5.962,5.889,5.82,5.754,5.691,5.632,5.576,5.522,5.469,5.416,5.362,5.305,5.246,5.183,5.116,5.047,4.977,4.906,4.836,4.767,4.7
Burkina Faso,BFA,7.007,6.979,6.95,6.917,6.882,6.844,6.801,6.754,6.704,6.65,6.592,6.531,6.468,6.403,6.335,6.265,6.192,6.116,6.036,5.953,5.867,5.781,5.693,5.606,5.521,5.436,5.353,5.271,5.189,5.109,5.029
Bangladesh,BGD,4.495,4.315,4.146,3.99,3.846,3.713,3.591,3.478,3.371,3.269,3.169,3.07,2.973,2.876,2.782,2.691,2.604,2.523,2.449,2.382,2.324,2.273,2.228,2.188,2.152,2.12,2.09,2.062,2.036,2.011,1.987
Bulgaria,BGR,1.82,1.66,1.55,1.46,1.37,1.23,1.23,1.09,1.11,1.23,1.26,1.21,1.23,1.26,1.33,1.37,1.44,1.49,1.56,1.66,1.57,1.51,1.5,1.48,1.53,1.53,1.54,1.56,1.56,1.58,1.56
Bahrain,BHR,3.732,3.599,3.471,3.352,3.244,3.147,3.062,2.987,2.919,2.856,2.795,2.731,2.663,2.59,2.514,2.436,2.363,2.297,2.241,2.197,2.164,2.139,2.118,2.098,2.078,2.056,2.033,2.01,1.987,1.964,1.942
"Bahamas, The",BHS,2.64,2.633,2.623,2.602,2.568,2.515,2.444,2.358,2.264,2.166,2.073,1.993,1.931,1.889,1.867,1.863,1.869,1.877,1.881,1.877,1.865,1.847,1.828,1.81,1.794,1.782,1.771,1.762,1.752,1.743,1.733
Bosnia and Herzegovina,BIH,1.772,1.748,1.73,1.72,1.713,1.706,1.69,1.662,1.619,1.562,1.497,1.432,1.374,1.33,1.301,1.288,1.288,1.295,1.303,1.311,1.315,1.315,1.313,1.309,1.303,1.296,1.286,1.276,1.265,1.254,1.243
Belarus,BLR,1.913,1.805,1.764,1.623,1.533,1.406,1.335,1.25,1.3,1.31,1.317,1.286,1.24,1.232,1.233,1.252,1.335,1.429,1.488,1.509,1.494,1.515,1.62,1.668,1.696,1.724,1.733,1.541,1.448,1.382,1.382
Belize,BLZ,4.508,4.436,4.363,4.286,4.201,4.109,4.01,3.908,3.805,3.703,3.601,3.497,3.392,3.286,3.18,3.077,2.98,2.893,2.816,2.749,2.69,2.638,2.588,2.539,2.489,2.439,2.391,2.346,2.307,2.274,2.246
Bolivia,BOL,4.89,4.81,4.726,4.64,4.553,4.466,4.381,4.297,4.214,4.133,4.051,3.969,3.885,3.798,3.71,3.621,3.533,3.447,3.364,3.287,3.213,3.143,3.076,3.01,2.947,2.886,2.829,2.777,2.73,2.688,2.651
Brazil,BRA,2.902,2.822,2.754,2.693,2.639,2.588,2.536,2.483,2.426,2.365,2.3,2.232,2.163,2.097,2.033,1.976,1.925,1.882,1.847,1.818,1.796,1.781,1.771,1.764,1.758,1.753,1.747,1.739,1.73,1.719,1.706
Barbados,BRB,1.74,1.733,1.728,1.725,1.725,1.727,1.732,1.74,1.75,1.762,1.775,1.785,1.793,1.797,1.795,1.788,1.775,1.757,1.735,1.711,1.687,1.665,1.645,1.63,1.62,1.614,1.613,1.615,1.619,1.623,1.628
Brunei Darussalam,BRN,3.29,3.206,3.111,3.007,2.897,2.785,2.677,2.578,2.489,2.413,2.346,2.284,2.22,2.154,2.086,2.022,1.969,1.933,1.918,1.921,1.937,1.957,1.973,1.978,1.969,1.947,1.915,1.881,1.848,1.819,1.796
Bhutan,BTN,5.493,5.306,5.11,4.909,4.704,4.5,4.297,4.095,3.895,3.701,3.515,3.342,3.183,3.037,2.906,2.788,2.679,2.577,2.48,2.387,2.301,2.224,2.159,2.107,2.067,2.037,2.014,1.994,1.975,1.954,1.931
Botswana,BWA,4.485,4.33,4.183,4.041,3.904,3.774,3.654,3.546,3.452,3.371,3.304,3.248,3.2,3.159,3.122,3.091,3.066,3.047,3.034,3.026,3.022,3.017,3.011,3.002,2.988,2.968,2.942,2.91,2.874,2.836,2.796
Central African Republic,CAF,5.811,5.771,5.729,5.689,5.652,5.618,5.589,5.564,5.541,5.52,5.5,5.48,5.459,5.436,5.411,5.383,5.353,5.322,5.289,5.254,5.215,5.172,5.123,5.068,5.007,4.941,4.87,4.796,4.721,4.645,4.568
Canada,CAN,1.83,1.72,1.71,1.68,1.69,1.67,1.63,1.57,1.56,1.54,1.51,1.54,1.51,1.54,1.55,1.57,1.61,1.66,1.69,1.68,1.64,1.62,1.62,1.6,1.61,1.6,1.59,1.54,1.5,1.47,1.4
Central Europe and the Baltics,CEB,1.931081933,1.855832937,1.751285157,1.671068168,1.590153698,1.46879617,1.429317429,1.381600606,1.338472197,1.307854818,1.317743134,1.27550928,1.253312738,1.25090051,1.276323019,1.312498576,1.341836063,1.38110912,1.463217125,1.487373534,1.461736885,1.393421234,1.416114693,1.387969817,1.443181764,1.462370024,1.52216388,1.567830318,1.574422749,1.571016679,1.510892545
Switzerland,CHE,1.58,1.58,1.58,1.51,1.49,1.48,1.5,1.48,1.47,1.48,1.5,1.38,1.39,1.39,1.42,1.42,1.44,1.46,1.48,1.5,1.52,1.52,1.52,1.52,1.54,1.54,1.54,1.52,1.52,1.48,1.46
Channel Islands,CHI,1.483,1.499,1.518,1.536,1.554,1.567,1.573,1.572,1.562,1.546,1.526,1.508,1.496,1.492,1.496,1.509,1.527,1.547,1.564,1.578,1.585,1.586,1.58,1.569,1.556,1.541,1.527,1.516,1.51,1.509,1.512
Chile,CHL,2.579,2.558,2.526,2.484,2.432,2.372,2.306,2.238,2.172,2.11,2.055,2.009,1.972,1.943,1.923,1.909,1.901,1.898,1.895,1.892,1.884,1.87,1.849,1.821,1.787,1.75,1.713,1.678,1.649,1.627,1.611
China,CHN,2.309,2.14,1.977,1.838,1.731,1.66,1.622,1.605,1.597,1.595,1.596,1.597,1.6,1.604,1.608,1.612,1.615,1.617,1.62,1.623,1.627,1.632,1.639,1.647,1.656,1.665,1.675,1.683,1.69,1.696,1.7
Cote d'Ivoire,CIV,6.622,6.536,6.454,6.374,6.298,6.225,6.154,6.084,6.014,5.943,5.87,5.793,5.713,5.63,5.545,5.46,5.376,5.296,5.221,5.152,5.088,5.029,4.974,4.92,4.867,4.813,4.759,4.704,4.649,4.593,4.536
Cameroon,CMR,6.436,6.354,6.264,6.17,6.073,5.978,5.886,5.799,5.718,5.645,5.58,5.524,5.475,5.431,5.39,5.35,5.309,5.266,5.219,5.167,5.111,5.049,4.984,4.916,4.847,4.777,4.708,4.639,4.572,4.506,4.443
"Congo, Dem. Rep.",COD,6.746,6.758,6.767,6.773,6.777,6.779,6.777,6.774,6.768,6.76,6.751,6.74,6.73,6.718,6.705,6.69,6.671,6.649,6.621,6.587,6.544,6.493,6.432,6.363,6.287,6.203,6.112,6.017,5.919,5.819,5.718
"Congo, Rep.",COG,5.119,5.064,5.019,4.982,4.953,4.93,4.913,4.9,4.889,4.88,4.871,4.862,4.854,4.846,4.838,4.829,4.82,4.81,4.798,4.784,4.765,4.742,4.712,4.676,4.634,4.587,4.536,4.482,4.428,4.374,4.321
Colombia,COL,3.082,3.047,3.01,2.968,2.918,2.862,2.802,2.742,2.683,2.627,2.572,2.516,2.458,2.395,2.33,2.263,2.198,2.137,2.081,2.033,1.992,1.958,1.93,1.905,1.883,1.863,1.843,1.825,1.807,1.789,1.771
Comoros,COM,6.412,6.291,6.171,6.053,5.941,5.835,5.736,5.642,5.552,5.466,5.384,5.307,5.235,5.167,5.103,5.042,4.984,4.927,4.87,4.813,4.754,4.693,4.628,4.561,4.491,4.419,4.347,4.275,4.205,4.138,4.073
Cabo Verde,CPV,5.392,5.259,5.102,4.921,4.72,4.505,4.287,4.074,3.876,3.697,3.539,3.399,3.271,3.151,3.038,2.933,2.839,2.757,2.687,2.629,2.581,2.539,2.5,2.463,2.425,2.385,2.346,2.309,2.274,2.242,2.213
Costa Rica,CRI,3.264,3.193,3.114,3.029,2.941,2.85,2.755,2.657,2.558,2.459,2.363,2.275,2.195,2.124,2.065,2.016,1.978,1.948,1.923,1.903,1.885,1.869,1.853,1.838,1.823,1.806,1.789,1.772,1.754,1.737,1.721
Caribbean small states,CSS,2.865765744,2.812648948,2.765529117,2.721720247,2.680548417,2.639967852,2.600557664,2.560380882,2.519595758,2.47857914,2.438238301,2.39884186,2.36212885,2.328840724,2.298370345,2.271423122,2.247184028,2.223960828,2.200826985,2.17700105,2.153182789,2.129432977,2.106451911,2.084479997,2.064268347,2.045249014,2.027645026,2.010754406,1.995134386,1.979904065,1.96481414
Cuba,CUB,1.714,1.668,1.628,1.6,1.584,1.58,1.585,1.593,1.6,1.603,1.603,1.598,1.59,1.583,1.576,1.573,1.576,1.586,1.602,1.624,1.647,1.668,1.683,1.689,1.686,1.674,1.656,1.637,1.618,1.602,1.59
Cyprus,CYP,2.411,2.381,2.337,2.278,2.206,2.124,2.036,1.946,1.861,1.783,1.716,1.66,1.614,1.576,1.545,1.52,1.498,1.479,1.461,1.443,1.424,1.406,1.39,1.376,1.364,1.354,1.345,1.337,1.329,1.321,1.313
Czechia,CZE,1.9,1.86,1.71,1.67,1.44,1.28,1.18,1.17,1.16,1.13,1.15,1.15,1.17,1.18,1.23,1.29,1.34,1.45,1.51,1.51,1.51,1.43,1.45,1.46,1.53,1.57,1.63,1.69,1.71,1.71,1.71
Germany,DEU,1.45,1.33,1.29,1.28,1.24,1.25,1.3,1.35,1.36,1.36,1.38,1.35,1.34,1.34,1.36,1.34,1.33,1.37,1.38,1.36,1.39,1.39,1.41,1.42,1.47,1.5,1.6,1.57,1.57,1.54,1.53
Djibouti,DJI,6.073,5.986,5.869,5.721,5.546,5.352,5.152,4.958,4.78,4.622,4.484,4.359,4.24,4.118,3.994,3.867,3.739,3.617,3.502,3.397,3.3,3.213,3.131,3.054,2.981,2.912,2.846,2.785,2.728,2.676,2.627
Denmark,DNK,1.67,1.68,1.76,1.75,1.81,1.8,1.75,1.75,1.72,1.73,1.77,1.74,1.72,1.76,1.78,1.8,1.85,1.84,1.89,1.84,1.87,1.75,1.73,1.67,1.69,1.71,1.79,1.75,1.73,1.7,1.67
Dominican Republic,DOM,3.411,3.349,3.287,3.226,3.163,3.101,3.04,2.983,2.93,2.882,2.839,2.799,2.762,2.725,2.689,2.653,2.619,2.586,2.556,2.528,2.503,2.481,2.46,2.441,2.423,2.405,2.387,2.367,2.346,2.323,2.299
Algeria,DZA,4.726,4.479,4.223,3.962,3.702,3.448,3.208,2.988,2.796,2.635,2.514,2.438,2.403,2.405,2.438,2.496,2.569,2.649,2.728,2.799,2.86,2.909,2.952,2.99,3.022,3.043,3.052,3.045,3.023,2.988,2.942
East Asia & Pacific (excluding high income),EAP,2.587220249,2.442449178,2.302365641,2.179956163,2.081563258,2.010849768,1.963818183,1.935593063,1.916995239,1.904930619,1.896443698,1.890001831,1.885434861,1.881637756,1.878544078,1.875995077,1.873517911,1.871054726,1.869892848,1.869092801,1.869019904,1.869278468,1.87029312,1.871521616,1.872857044,1.874114605,1.875421119,1.875626641,1.875670869,1.875344623,1.873936576
Early-demographic dividend,EAR,4.22514377,4.120648734,4.016243947,3.916313884,3.819840403,3.731706356,3.645324154,3.563895595,3.485617243,3.413006111,3.34278177,3.276037582,3.213509302,3.151657241,3.094215037,3.036747447,2.981580179,2.929354533,2.877108176,2.823812669,2.772057026,2.723512928,2.679459005,2.640801964,2.605271338,2.57249804,2.54152111,2.512916991,2.487735418,2.462958375,2.438556313
East Asia & Pacific,EAS,2.471930075,2.346195486,2.223554704,2.110849752,2.02678534,1.95925237,1.91614189,1.888344959,1.865935157,1.85358691,1.850909074,1.835931047,1.828220043,1.823021593,1.820182791,1.815172808,1.818555609,1.821334646,1.820310117,1.818401061,1.819649145,1.822560498,1.82841533,1.824645395,1.8271376,1.83045224,1.828988186,1.825322269,1.822404999,1.817418296,1.81159533
Europe & Central Asia (excluding high income),ECA,2.376619248,2.27100034,2.152510793,2.01980669,1.970135443,1.910509227,1.833693444,1.761994514,1.728824105,1.673652721,1.662318374,1.652362607,1.679857907,1.691476262,1.72345536,1.690151012,1.719650143,1.788392373,1.856482399,1.865279668,1.865287303,1.867694403,1.923446269,1.942187874,1.976232972,1.991676916,1.978407178,1.904476047,1.904598765,1.890553221,1.901441104
Europe & Central Asia,ECS,1.95793165,1.892881058,1.819952822,1.741871406,1.698565809,1.654311546,1.62055886,1.593409297,1.571982993,1.546818912,1.556972082,1.542493327,1.554013432,1.56951628,1.598641823,1.589983988,1.620087586,1.664344618,1.722385489,1.721388827,1.728207808,1.713455541,1.740031316,1.730166243,1.757294573,1.764916344,1.771893402,1.729529483,1.719219417,1.701469349,1.688376506
Ecuador,ECU,3.744,3.665,3.591,3.524,3.461,3.403,3.345,3.288,3.228,3.166,3.102,3.037,2.972,2.911,2.853,2.8,2.753,2.711,2.675,2.643,2.615,2.59,2.567,2.544,2.522,2.499,2.475,2.451,2.427,2.403,2.38
"Egypt, Arab Rep.",EGY,4.58,4.413,4.253,4.103,3.967,3.844,3.733,3.629,3.529,3.432,3.34,3.253,3.173,3.106,3.052,3.019,3.013,3.037,3.085,3.154,3.233,3.311,3.377,3.421,3.441,3.436,3.41,3.37,3.326,3.28,3.236
Euro area,EMU,1.534250686,1.488901453,1.467769596,1.43514513,1.397829843,1.383082874,1.396218991,1.416783843,1.417678896,1.431338934,1.470893408,1.456742739,1.459446756,1.473767905,1.496320036,1.500341414,1.52366546,1.540724199,1.581154356,1.564450191,1.580367662,1.562092386,1.554409723,1.530457453,1.551378771,1.549776601,1.568999803,1.543575364,1.523834837,1.504832301,1.485280953
Eritrea,ERI,6.496,6.423,6.332,6.223,6.1,5.965,5.825,5.686,5.553,5.43,5.321,5.227,5.145,5.073,5.007,4.945,4.881,4.812,4.737,4.656,4.571,4.486,4.407,4.335,4.273,4.217,4.164,4.112,4.056,3.997,3.933
Spain,ESP,1.36,1.33,1.31,1.26,1.19,1.16,1.14,1.15,1.13,1.17,1.22,1.23,1.25,1.3,1.31,1.33,1.36,1.38,1.45,1.38,1.37,1.34,1.32,1.27,1.32,1.33,1.34,1.31,1.26,1.23,1.23
Estonia,EST,2.05,1.8,1.71,1.49,1.42,1.38,1.37,1.32,1.28,1.3,1.36,1.32,1.36,1.37,1.47,1.52,1.58,1.69,1.72,1.7,1.72,1.61,1.56,1.52,1.54,1.58,1.6,1.59,1.67,1.66,1.58
Ethiopia,ETH,7.246,7.193,7.141,7.092,7.043,6.991,6.931,6.858,6.769,6.664,6.543,6.407,6.262,6.112,5.961,5.812,5.667,5.526,5.39,5.26,5.136,5.017,4.901,4.787,4.675,4.565,4.456,4.35,4.247,4.146,4.049
European Union,EUU,1.63480306,1.583805653,1.544910123,1.502663693,1.457598945,1.415163723,1.413215204,1.415710467,1.405514319,1.407910054,1.441287138,1.42297309,1.42115651,1.432436702,1.455968995,1.467912674,1.494461286,1.516472486,1.566315554,1.558866763,1.566457925,1.53287264,1.533364782,1.507338111,1.535283315,1.537339584,1.56624109,1.556048746,1.542059396,1.525078268,1.495716627
Fragile and conflict affected situations,FCS,5.586811461,5.53640812,5.482853223,5.430381562,5.383243085,5.341415264,5.297958514,5.255095754,5.212297203,5.168499426,5.132787077,5.095463234,5.063432604,5.035709948,5.004390595,4.967958349,4.935633673,4.89788405,4.864845314,4.823992733,4.778996561,4.734457383,4.690358376,4.638153317,4.585156742,4.530721537,4.472689122,4.412323039,4.353592026,4.295217254,4.240318577
Finland,FIN,1.78,1.79,1.85,1.81,1.85,1.81,1.78,1.75,1.7,1.73,1.73,1.73,1.72,1.76,1.8,1.8,1.84,1.83,1.85,1.86,1.87,1.83,1.8,1.75,1.71,1.65,1.57,1.49,1.41,1.35,1.37
Fiji,FJI,3.398,3.374,3.352,3.33,3.305,3.276,3.244,3.209,3.171,3.132,3.09,3.044,2.995,2.944,2.893,2.846,2.807,2.777,2.758,2.75,2.752,2.761,2.773,2.786,2.795,2.8,2.797,2.788,2.774,2.754,2.729
France,FRA,1.77,1.75,1.74,1.73,1.73,1.74,1.75,1.77,1.78,1.81,1.89,1.9,1.88,1.89,1.92,1.94,2,1.98,2.01,2,2.03,2.01,2.01,1.99,2,1.96,1.92,1.89,1.87,1.86,1.83
Faroe Islands,FRO,2.8,2.6,2.5,2.5,2.4,2.5,2.6,2.5,2.3,2.3,2.6,2.3,2.6,2.5,2.6,2.6,2.5,2.6,2.6,2.4,2.5,2.3,2.6,2.5,2.6,2.4,2.6,2.5,2.5,2.4,2.3
"Micronesia, Fed. Sts.",FSM,4.958,4.882,4.82,4.766,4.716,4.664,4.608,4.544,4.471,4.39,4.3,4.204,4.105,4.007,3.912,3.823,3.739,3.661,3.589,3.522,3.46,3.402,3.347,3.294,3.243,3.193,3.145,3.098,3.053,3.01,2.968
Gabon,GAB,5.442,5.371,5.292,5.205,5.113,5.016,4.916,4.815,4.716,4.62,4.533,4.455,4.388,4.332,4.286,4.251,4.223,4.201,4.182,4.164,4.146,4.129,4.113,4.098,4.083,4.064,4.039,4.008,3.969,3.922,3.869
United Kingdom,GBR,1.83,1.82,1.79,1.76,1.74,1.71,1.73,1.72,1.71,1.68,1.64,1.63,1.63,1.7,1.75,1.76,1.82,1.86,1.91,1.89,1.92,1.91,1.92,1.83,1.81,1.8,1.79,1.74,1.68,1.63,1.56
Georgia,GEO,2.18,2.132,2.076,2.013,1.946,1.879,1.812,1.749,1.692,1.643,1.608,1.589,1.586,1.599,1.625,1.664,1.711,1.763,1.816,1.866,1.911,1.95,1.984,2.012,2.034,2.05,2.059,2.062,2.06,2.055,2.046
Ghana,GHA,5.602,5.499,5.403,5.317,5.239,5.168,5.102,5.036,4.969,4.899,4.826,4.753,4.681,4.612,4.548,4.49,4.438,4.392,4.35,4.311,4.273,4.234,4.192,4.146,4.095,4.041,3.984,3.926,3.87,3.816,3.765
Guinea,GIN,6.598,6.57,6.535,6.493,6.444,6.391,6.334,6.273,6.211,6.147,6.082,6.015,5.947,5.877,5.804,5.729,5.653,5.575,5.496,5.417,5.336,5.256,5.175,5.094,5.013,4.933,4.854,4.777,4.7,4.625,4.552
"Gambia, The",GMB,6.096,6.077,6.059,6.041,6.023,6.004,5.983,5.96,5.935,5.908,5.879,5.849,5.818,5.787,5.756,5.725,5.696,5.668,5.64,5.612,5.583,5.552,5.518,5.48,5.437,5.39,5.338,5.281,5.219,5.154,5.087
Guinea-Bissau,GNB,6.627,6.582,6.526,6.458,6.381,6.294,6.201,6.105,6.009,5.913,5.82,5.73,5.641,5.555,5.47,5.389,5.312,5.241,5.174,5.11,5.049,4.987,4.923,4.855,4.783,4.708,4.631,4.553,4.476,4.402,4.331
Equatorial Guinea,GNQ,5.987,5.985,5.984,5.981,5.978,5.971,5.96,5.941,5.914,5.878,5.834,5.785,5.731,5.675,5.618,5.559,5.498,5.433,5.363,5.288,5.209,5.126,5.04,4.952,4.863,4.774,4.686,4.599,4.513,4.429,4.346
Greece,GRC,1.39,1.37,1.36,1.32,1.33,1.28,1.26,1.27,1.24,1.23,1.25,1.25,1.28,1.29,1.31,1.34,1.4,1.41,1.5,1.5,1.48,1.4,1.34,1.29,1.3,1.33,1.38,1.35,1.35,1.34,1.34
Grenada,GRD,3.842,3.701,3.551,3.401,3.254,3.116,2.988,2.87,2.762,2.666,2.582,2.512,2.455,2.409,2.373,2.344,2.321,2.301,2.282,2.262,2.24,2.217,2.194,2.171,2.148,2.126,2.104,2.083,2.063,2.042,2.023
Greenland,GRL,2.444,2.421,2.607,2.578,2.527,2.512,2.493,2.69,2.457,2.415,2.329,2.51,2.566,2.372,2.415,2.377,2.256,2.299,2.247,2.359,2.195,2.117,2.019,2.077,2.037,2.01,2,2.09,2,2.08,2.019
Guatemala,GTM,5.437,5.38,5.32,5.252,5.174,5.087,4.993,4.895,4.797,4.699,4.598,4.49,4.372,4.245,4.11,3.971,3.833,3.701,3.58,3.471,3.375,3.292,3.219,3.151,3.088,3.029,2.973,2.92,2.87,2.822,2.777
Guam,GUM,3.013,2.969,2.929,2.899,2.881,2.872,2.87,2.867,2.86,2.846,2.824,2.794,2.758,2.718,2.677,2.636,2.598,2.564,2.534,2.509,2.488,2.469,2.45,2.429,2.406,2.383,2.358,2.334,2.313,2.293,2.275
Guyana,GUY,3.069,3.063,3.066,3.071,3.074,3.074,3.069,3.061,3.05,3.036,3.017,2.992,2.961,2.924,2.883,2.84,2.797,2.755,2.718,2.684,2.655,2.63,2.606,2.582,2.558,2.534,2.509,2.485,2.462,2.44,2.418
High income,HIC,1.851404603,1.824776143,1.800785731,1.763327493,1.743441792,1.708218306,1.700680723,1.690715622,1.67832688,1.672554153,1.701886992,1.665795834,1.650595187,1.660013598,1.670262912,1.669465535,1.708037774,1.732822221,1.742336829,1.716066457,1.703249766,1.684390253,1.690797581,1.656832355,1.668400688,1.665708323,1.661249559,1.627533412,1.60006689,1.571762896,1.524972908
"Hong Kong SAR, China",HKG,1.272,1.281,1.347,1.342,1.355,1.295,1.191,1.127,1.016,0.981,1.032,0.931,0.941,0.901,0.922,0.959,0.984,1.028,1.064,1.055,1.127,1.204,1.285,1.125,1.235,1.196,1.205,1.125,1.072,1.051,0.868
Honduras,HND,5.123,5.039,4.963,4.893,4.826,4.756,4.678,4.588,4.484,4.367,4.237,4.098,3.956,3.815,3.677,3.545,3.419,3.296,3.177,3.063,2.957,2.86,2.774,2.699,2.635,2.581,2.536,2.496,2.46,2.427,2.394
Heavily indebted poor countries (HIPC),HPC,6.589262806,6.538395468,6.48857652,6.440244966,6.392733185,6.34532008,6.295505973,6.242905584,6.187208239,6.128795571,6.068086253,6.005222882,5.941493455,5.876749888,5.810867909,5.743404133,5.672532943,5.599510171,5.52403581,5.446623673,5.367059861,5.285050038,5.201425143,5.116632629,5.031545603,4.946646161,4.862333729,4.779580025,4.698653193,4.619824846,4.543480851
Croatia,HRV,1.63,1.53,1.48,1.52,1.47,1.58,1.67,1.69,1.45,1.38,1.39,1.46,1.42,1.41,1.43,1.5,1.47,1.48,1.47,1.5,1.46,1.41,1.52,1.46,1.46,1.41,1.43,1.42,1.47,1.47,1.48
Haiti,HTI,5.43,5.317,5.208,5.099,4.991,4.884,4.777,4.669,4.561,4.452,4.344,4.237,4.132,4.029,3.931,3.836,3.746,3.66,3.579,3.501,3.427,3.356,3.288,3.223,3.159,3.098,3.041,2.986,2.935,2.887,2.842
Hungary,HUN,1.87,1.87,1.77,1.68,1.64,1.57,1.46,1.37,1.32,1.28,1.32,1.31,1.3,1.27,1.28,1.31,1.34,1.32,1.35,1.32,1.25,1.23,1.34,1.35,1.44,1.45,1.53,1.54,1.55,1.55,1.56
IBRD only,IBD,3.076889508,2.954708035,2.838768705,2.730847066,2.645328098,2.569944637,2.511873733,2.462625147,2.425329326,2.38817134,2.357216418,2.329152899,2.304789694,2.282177007,2.26142366,2.238189189,2.219340874,2.204161721,2.190779627,2.172904392,2.15536089,2.138392404,2.128714802,2.11561055,2.106772297,2.09821283,2.08990919,2.077037812,2.06742421,2.056696675,2.047869968
IDA & IBRD total,IBT,3.578267282,3.467023216,3.361387025,3.261722656,3.181123468,3.111033437,3.053049678,3.002133138,2.963397126,2.924672493,2.889833007,2.858393106,2.830856894,2.803843431,2.780231006,2.754143886,2.732106347,2.714109713,2.697653802,2.676916575,2.656388073,2.636280236,2.622361629,2.606969619,2.595168013,2.58344779,2.571191001,2.555716834,2.544693536,2.532672959,2.521568609
IDA total,IDA,5.911590182,5.834104368,5.750034513,5.66696904,5.584806793,5.514917874,5.432460296,5.35178357,5.271582787,5.195247869,5.117750793,5.042328328,4.973145967,4.900172209,4.835465446,4.766222747,4.700951883,4.639202996,4.576976641,4.511136135,4.44468749,4.379963699,4.319107768,4.26348575,4.208603989,4.152594635,4.094439042,4.037441174,3.988099302,3.93814382,3.886639194
IDA blend,IDB,6.016782951,5.957189046,5.869515792,5.779988826,5.68645292,5.618422907,5.524006461,5.432919664,5.33966543,5.261062154,5.179936509,5.101191285,5.038167522,4.960339269,4.904734968,4.836763058,4.779273134,4.733584428,4.683230649,4.619563483,4.549187345,4.486206996,4.429409554,4.387510666,4.341727853,4.290543309,4.233250267,4.175809101,4.133548149,4.090236487,4.042428592
Indonesia,IDN,3.122,3.022,2.929,2.842,2.761,2.688,2.627,2.579,2.544,2.523,2.512,2.509,2.511,2.513,2.515,2.514,2.51,2.505,2.499,2.492,2.483,2.471,2.455,2.436,2.413,2.389,2.362,2.336,2.311,2.288,2.266
IDA only,IDX,5.859827749,5.773599293,5.691343175,5.611477135,5.534919118,5.46413027,5.387464704,5.311831774,5.238002291,5.16274454,5.086994071,5.013186075,4.940922526,4.870325236,4.801072646,4.731174725,4.662010415,4.592245027,4.524074183,4.45710919,4.392531622,4.326908231,4.264039895,4.201582313,4.142182479,4.083804296,4.025303781,3.968618124,3.915851532,3.862692579,3.809448443
India,IND,4.045,3.959,3.877,3.799,3.723,3.651,3.582,3.514,3.446,3.379,3.311,3.244,3.176,3.109,3.041,2.972,2.899,2.823,2.743,2.661,2.581,2.506,2.439,2.381,2.333,2.295,2.266,2.243,2.222,2.202,2.184
Ireland,IRL,2.11,2.08,1.99,1.9,1.85,1.84,1.88,1.93,1.94,1.9,1.89,1.94,1.97,1.96,1.93,1.86,1.91,2.01,2.06,2.06,2.05,2.03,1.98,1.93,1.89,1.85,1.81,1.77,1.75,1.71,1.63
"Iran, Islamic Rep.",IRN,4.691,4.304,3.923,3.562,3.231,2.941,2.696,2.489,2.317,2.177,2.067,1.983,1.922,1.878,1.846,1.825,1.812,1.807,1.811,1.821,1.839,1.866,1.901,1.945,1.993,2.041,2.083,2.116,2.137,2.146,2.142
Iraq,IRQ,5.882,5.793,5.7,5.607,5.513,5.419,5.325,5.23,5.133,5.036,4.94,4.847,4.758,4.676,4.6,4.534,4.48,4.437,4.403,4.374,4.343,4.301,4.243,4.168,4.076,3.972,3.864,3.762,3.672,3.597,3.537
Iceland,ISL,2.3,2.18,2.21,2.22,2.14,2.08,2.12,2.04,2.05,1.99,2.08,1.95,1.93,1.99,2.04,2.05,2.08,2.09,2.15,2.23,2.2,2.02,2.04,1.93,1.93,1.8,1.74,1.71,1.71,1.74,1.72
Israel,ISR,2.824,2.762,2.7,2.8,2.9,2.9,2.9,2.94,2.98,2.965,2.95,2.92,2.89,2.95,2.9,2.84,2.88,2.9,2.96,2.96,3.03,2.98,3.05,3.03,3.08,3.09,3.11,3.11,3.09,3.01,2.9
Italy,ITA,1.33,1.3,1.3,1.25,1.21,1.19,1.2,1.22,1.22,1.23,1.26,1.25,1.27,1.29,1.34,1.34,1.37,1.4,1.45,1.45,1.46,1.44,1.43,1.39,1.37,1.35,1.34,1.32,1.29,1.27,1.24
Jamaica,JAM,2.947,2.899,2.86,2.826,2.797,2.768,2.738,2.704,2.666,2.623,2.577,2.529,2.482,2.439,2.398,2.361,2.325,2.289,2.251,2.212,2.173,2.136,2.102,2.072,2.047,2.026,2.009,1.993,1.979,1.965,1.95
Jordan,JOR,5.521,5.326,5.138,4.958,4.787,4.63,4.489,4.367,4.264,4.178,4.109,4.056,4.013,3.977,3.943,3.907,3.866,3.821,3.768,3.706,3.631,3.541,3.436,3.319,3.196,3.071,2.954,2.849,2.761,2.691,2.639
Japan,JPN,1.54,1.53,1.502,1.458,1.5,1.422,1.425,1.388,1.384,1.342,1.359,1.33,1.32,1.29,1.29,1.26,1.32,1.34,1.37,1.37,1.39,1.39,1.41,1.43,1.42,1.45,1.44,1.43,1.42,1.36,1.34
Kazakhstan,KAZ,2.72,2.61,2.5,2.3,2.28,2.26,2.13,2,1.8,1.8,1.8,1.9,2,2.03,2.21,2.22,2.36,2.47,2.68,2.55,2.59,2.59,2.62,2.64,2.73,2.74,2.77,2.75,2.84,2.9,3.13
Kenya,KEN,6.066,5.901,5.755,5.633,5.535,5.459,5.4,5.348,5.296,5.239,5.178,5.112,5.045,4.979,4.913,4.843,4.767,4.682,4.587,4.482,4.369,4.248,4.123,3.999,3.879,3.765,3.663,3.572,3.492,3.423,3.365
Kyrgyz Republic,KGZ,3.63,3.58,3.52,3.2,2.9,3.1,2.8,2.6,2.7,2.6,2.4,2.4,2.4,2.5,2.6,2.5,2.7,2.7,2.8,2.9,3.1,3.1,3.2,3.1,3.2,3.2,3.1,3,3.3,3.3,3
Cambodia,KHM,5.601,5.421,5.237,5.052,4.867,4.685,4.504,4.325,4.146,3.971,3.805,3.654,3.521,3.406,3.309,3.227,3.155,3.086,3.018,2.947,2.875,2.804,2.739,2.682,2.633,2.593,2.559,2.53,2.503,2.478,2.453
Kiribati,KIR,4.688,4.635,4.576,4.512,4.445,4.374,4.304,4.235,4.17,4.11,4.058,4.015,3.979,3.95,3.927,3.909,3.895,3.883,3.872,3.859,3.843,3.822,3.796,3.765,3.73,3.692,3.651,3.61,3.569,3.53,3.493
"Korea, Rep.",KOR,1.57,1.71,1.76,1.654,1.656,1.634,1.574,1.537,1.464,1.425,1.48,1.309,1.178,1.191,1.164,1.085,1.132,1.259,1.192,1.149,1.226,1.244,1.297,1.187,1.205,1.239,1.172,1.052,0.977,0.918,0.837
Kuwait,KWT,2.967,2.791,2.682,2.641,2.66,2.72,2.796,2.861,2.895,2.89,2.845,2.772,2.69,2.614,2.548,2.494,2.447,2.399,2.347,2.291,2.234,2.182,2.139,2.109,2.09,2.083,2.082,2.083,2.082,2.077,2.068
Latin America & Caribbean (excluding high income),LAC,3.292544661,3.216418748,3.14531689,3.077433979,3.012633539,2.949703655,2.887418721,2.826472579,2.765888212,2.705651983,2.645816962,2.586515027,2.527885101,2.471467285,2.417062215,2.366803828,2.320496252,2.279188895,2.24310974,2.211180441,2.183524106,2.159893151,2.139234721,2.120270142,2.101818279,2.084112004,2.066312113,2.048306516,2.030335845,2.012288649,1.994219336
Lao PDR,LAO,6.151,6.054,5.928,5.772,5.589,5.385,5.165,4.939,4.717,4.506,4.311,4.137,3.983,3.845,3.724,3.615,3.516,3.421,3.327,3.234,3.143,3.056,2.977,2.907,2.847,2.796,2.751,2.709,2.667,2.626,2.583
Lebanon,LBN,3.372,3.306,3.228,3.14,3.042,2.936,2.826,2.714,2.606,2.502,2.405,2.313,2.225,2.142,2.066,2.002,1.956,1.93,1.925,1.938,1.966,2.002,2.038,2.069,2.091,2.103,2.104,2.097,2.087,2.075,2.06
Liberia,LBR,6.499,6.415,6.337,6.269,6.21,6.158,6.11,6.059,6.003,5.939,5.866,5.785,5.699,5.61,5.52,5.429,5.338,5.246,5.154,5.062,4.971,4.881,4.793,4.706,4.621,4.54,4.461,4.387,4.315,4.247,4.183
Libya,LBY,4.966,4.67,4.381,4.109,3.859,3.636,3.439,3.265,3.109,2.97,2.851,2.751,2.671,2.609,2.563,2.53,2.509,2.497,2.49,2.485,2.478,2.466,2.447,2.423,2.392,2.356,2.317,2.277,2.24,2.206,2.175
St. Lucia,LCA,3.399,3.302,3.203,3.104,3.001,2.892,2.772,2.641,2.499,2.35,2.202,2.06,1.933,1.826,1.74,1.675,1.63,1.598,1.574,1.555,1.538,1.522,1.508,1.496,1.485,1.473,1.461,1.448,1.436,1.424,1.411
Latin America & Caribbean,LCN,3.257018126,3.184002214,3.115095589,3.048882211,2.985228793,2.92324946,2.861066164,2.801106075,2.742009111,2.684280273,2.626889936,2.569150526,2.512647107,2.458647987,2.407416796,2.359982601,2.315936895,2.276736015,2.242664642,2.212370211,2.185701673,2.162608889,2.141893059,2.122330406,2.103293852,2.084449869,2.065415396,2.046014562,2.027393063,2.008829155,1.990439561
Least developed countries: UN classification,LDC,5.943784578,5.862128897,5.784130078,5.709850357,5.637964007,5.56753081,5.494827754,5.422177625,5.348963917,5.276057881,5.20345235,5.131131805,5.060099943,4.989563145,4.919988659,4.850754445,4.77989072,4.709724419,4.640303365,4.571815146,4.50465731,4.436682884,4.370134546,4.304728868,4.240793907,4.17855554,4.117011042,4.057572622,4.000145776,3.94469778,3.891549473
Low income,LIC,6.483182657,6.443456274,6.405800998,6.369388304,6.332222316,6.293071133,6.248929948,6.201182713,6.14952396,6.094620108,6.037246108,5.976707423,5.914412766,5.84993056,5.783262916,5.714005286,5.639238442,5.561647037,5.481423503,5.399680515,5.316617439,5.232735554,5.148602646,5.064632634,4.980934812,4.897558008,4.814480124,4.732813259,4.652153887,4.572707,4.494749296
Sri Lanka,LKA,2.483,2.433,2.39,2.353,2.32,2.291,2.268,2.252,2.242,2.239,2.24,2.246,2.254,2.263,2.271,2.276,2.278,2.275,2.269,2.259,2.248,2.237,2.227,2.22,2.216,2.213,2.211,2.206,2.199,2.188,2.174
Lower middle income,LMC,4.303312589,4.202531231,4.100170057,4.000377388,3.904067755,3.81785439,3.73253007,3.65254559,3.577254724,3.508138305,3.44409327,3.384031902,3.330259738,3.278552148,3.230906406,3.181490018,3.135723019,3.091117468,3.047724672,3.001391656,2.955592367,2.912962647,2.875151908,2.840758832,2.809672428,2.781082873,2.752889291,2.726271763,2.704126266,2.68182656,2.660044427
Low & middle income,LMY,3.597763451,3.485846112,3.380119652,3.280153543,3.19923503,3.13001379,3.071520577,3.020411594,2.981934349,2.943337272,2.907751427,2.87627071,2.848625464,2.821164648,2.796832605,2.76980031,2.747017273,2.728172346,2.71028162,2.688912475,2.668262718,2.648790294,2.634481554,2.619396589,2.606983658,2.594965409,2.581942014,2.56570813,2.554469047,2.542361578,2.531843567
Lesotho,LSO,4.721,4.614,4.506,4.397,4.291,4.189,4.094,4.007,3.928,3.857,3.792,3.732,3.674,3.616,3.558,3.502,3.449,3.402,3.361,3.328,3.302,3.282,3.265,3.25,3.235,3.218,3.197,3.171,3.141,3.108,3.07
Late-demographic dividend,LTE,2.427035934,2.285699901,2.148131447,2.024541062,1.936410554,1.863814827,1.813360419,1.778523727,1.756300359,1.733446602,1.721373744,1.709763906,1.704058549,1.699004956,1.696864463,1.688600186,1.687386882,1.693462523,1.702307333,1.704273961,1.707357231,1.708164769,1.719549093,1.723509967,1.733503091,1.740348798,1.746006296,1.741160608,1.742297295,1.739330266,1.736357042
Lithuania,LTU,2.03,2.01,1.97,1.74,1.57,1.55,1.49,1.47,1.46,1.46,1.39,1.29,1.23,1.26,1.27,1.29,1.33,1.36,1.45,1.5,1.5,1.55,1.6,1.59,1.63,1.7,1.69,1.63,1.63,1.61,1.48
Luxembourg,LUX,1.6,1.6,1.64,1.7,1.72,1.7,1.77,1.71,1.68,1.74,1.76,1.66,1.63,1.62,1.66,1.63,1.65,1.61,1.61,1.59,1.63,1.52,1.57,1.55,1.5,1.47,1.41,1.39,1.38,1.34,1.37
Latvia,LVA,2.02,1.86,1.73,1.51,1.39,1.25,1.16,1.11,1.09,1.16,1.25,1.22,1.26,1.32,1.29,1.39,1.46,1.54,1.58,1.46,1.36,1.33,1.44,1.52,1.65,1.7,1.74,1.69,1.6,1.61,1.55
"Macao SAR, China",MAC,1.722,1.605,1.494,1.394,1.308,1.236,1.174,1.116,1.059,1.002,0.95,0.906,0.875,0.86,0.862,0.879,0.911,0.953,0.999,1.048,1.093,1.131,1.161,1.183,1.196,1.203,1.207,1.211,1.217,1.228,1.244
St. Martin (French part),MAF,2.12,2.05,1.94,1.84,1.84,1.84,1.84,1.84,1.83,1.83,1.83,1.83,1.83,1.83,1.83,1.83,1.82,1.82,1.82,1.82,1.82,1.82,1.82,1.81,1.81,1.81,1.81,1.81,1.81,1.81,1.81
Morocco,MAR,4.047,3.896,3.746,3.595,3.445,3.298,3.16,3.036,2.93,2.842,2.771,2.715,2.67,2.632,2.598,2.571,2.553,2.545,2.547,2.556,2.567,2.576,2.579,2.571,2.552,2.524,2.489,2.451,2.415,2.382,2.353
Moldova,MDA,2.414,2.309,2.199,2.093,1.994,1.901,1.811,1.719,1.623,1.527,1.435,1.354,1.29,1.247,1.224,1.219,1.227,1.241,1.256,1.268,1.275,1.276,1.273,1.27,1.265,1.261,1.259,1.259,1.262,1.269,1.278
Madagascar,MDG,6.179,6.149,6.116,6.078,6.033,5.979,5.912,5.835,5.748,5.653,5.551,5.447,5.342,5.24,5.141,5.047,4.956,4.866,4.777,4.689,4.603,4.52,4.442,4.369,4.302,4.241,4.184,4.13,4.077,4.026,3.976
Maldives,MDV,6.003,5.68,5.332,4.969,4.6,4.237,3.888,3.56,3.259,2.993,2.771,2.596,2.465,2.372,2.313,2.279,2.262,2.254,2.245,2.231,2.206,2.171,2.129,2.084,2.038,1.991,1.947,1.906,1.87,1.84,1.815
Middle East & North Africa,MEA,4.877631427,4.663900458,4.466094814,4.261009726,4.065265581,3.873931005,3.706754479,3.555273239,3.419029353,3.297493097,3.193506282,3.106122192,3.03453626,2.979306846,2.934063132,2.901936613,2.884049351,2.877105717,2.879544487,2.886097646,2.896203209,2.904100151,2.910689566,2.910271737,2.904218815,2.889411919,2.866927113,2.839227044,2.808926001,2.776093943,2.742072476
Mexico,MEX,3.47,3.369,3.273,3.182,3.097,3.018,2.946,2.88,2.821,2.766,2.716,2.669,2.623,2.579,2.536,2.495,2.456,2.421,2.391,2.364,2.34,2.317,2.294,2.27,2.243,2.215,2.186,2.157,2.129,2.103,2.079
Middle income,MIC,3.397119629,3.279017441,3.166598906,3.060543074,2.974667897,2.901512396,2.840550569,2.787904055,2.747846262,2.708069468,2.671948894,2.639821164,2.611839629,2.584067417,2.559541251,2.531961763,2.509540927,2.491315125,2.474166841,2.453304808,2.433331279,2.4149516,2.402304612,2.388789734,2.378120616,2.367805101,2.356540521,2.341626881,2.332086244,2.321487626,2.312562259
North Macedonia,MKD,2.206,2.171,2.131,2.085,2.033,1.977,1.919,1.864,1.812,1.765,1.723,1.683,1.644,1.605,1.566,1.5,1.46,1.46,1.47,1.5,1.6,1.46,1.5,1.5,1.5,1.49,1.5,1.43,1.42,1.34,1.3
Mali,MLI,7.165,7.159,7.146,7.124,7.094,7.058,7.02,6.983,6.95,6.921,6.897,6.878,6.861,6.842,6.821,6.794,6.76,6.719,6.67,6.612,6.547,6.474,6.396,6.315,6.231,6.145,6.057,5.968,5.877,5.785,5.693
Malta,MLT,2.02,1.99,2.07,1.96,1.84,1.77,1.99,1.93,1.84,1.73,1.68,1.48,1.45,1.48,1.4,1.38,1.36,1.35,1.43,1.42,1.36,1.45,1.42,1.36,1.38,1.37,1.37,1.26,1.23,1.14,1.13
Myanmar,MMR,3.447,3.338,3.244,3.164,3.097,3.042,2.998,2.963,2.933,2.906,2.878,2.845,2.807,2.763,2.713,2.657,2.596,2.533,2.471,2.412,2.359,2.312,2.274,2.242,2.217,2.198,2.182,2.168,2.154,2.138,2.121
Middle East & North Africa (excluding high income),MNA,4.874590723,4.653972205,4.434623841,4.221927643,4.02045727,3.834039109,3.664103544,3.511138331,3.374750635,3.25512748,3.153754094,3.069663365,3.001587061,2.948578947,2.908278553,2.882074842,2.869732972,2.870255266,2.880924312,2.898126053,2.918526902,2.938915991,2.955702988,2.966198483,2.968153039,2.96005395,2.941380784,2.916047761,2.887130734,2.855671334,2.822809812
Montenegro,MNE,2.078,2.063,2.046,2.025,2.002,1.977,1.951,1.927,1.906,1.888,1.875,1.865,1.858,1.852,1.847,1.69,1.73,1.8,1.89,1.98,1.7,1.65,1.72,1.73,1.75,1.74,1.79,1.78,1.76,1.77,1.75
Mongolia,MNG,4.052,3.746,3.45,3.18,2.941,2.738,2.57,2.429,2.31,2.214,2.141,2.095,2.078,2.087,2.121,2.177,2.253,2.343,2.441,2.541,2.637,2.722,2.794,2.852,2.894,2.918,2.923,2.914,2.895,2.867,2.834
Mozambique,MOZ,6.211,6.167,6.119,6.067,6.015,5.965,5.921,5.886,5.859,5.84,5.826,5.813,5.794,5.768,5.733,5.688,5.634,5.576,5.515,5.454,5.392,5.329,5.264,5.198,5.131,5.062,4.992,4.922,4.852,4.783,4.713
Mauritania,MRT,5.881,5.818,5.759,5.704,5.655,5.612,5.572,5.533,5.495,5.455,5.413,5.369,5.323,5.277,5.23,5.184,5.14,5.098,5.057,5.019,4.98,4.939,4.895,4.847,4.794,4.738,4.679,4.619,4.561,4.503,4.449
Mauritius,MUS,2.32,2.3,2.37,2.21,2.25,2.14,2.12,2.04,1.97,2.05,1.99,1.91,1.94,1.87,1.92,1.88,1.77,1.74,1.67,1.59,1.57,1.55,1.54,1.44,1.43,1.36,1.4,1.44,1.41,1.4,1.44
Malawi,MWI,6.872,6.728,6.596,6.48,6.384,6.309,6.253,6.209,6.17,6.133,6.098,6.065,6.033,6,5.963,5.914,5.844,5.751,5.632,5.491,5.332,5.161,4.988,4.821,4.666,4.527,4.407,4.302,4.209,4.127,4.055
Malaysia,MYS,3.554,3.51,3.466,3.422,3.372,3.313,3.238,3.145,3.036,2.913,2.784,2.657,2.539,2.438,2.355,2.293,2.249,2.217,2.191,2.169,2.149,2.129,2.11,2.092,2.074,2.056,2.037,2.019,2.001,1.983,1.965
North America,NAC,2.055205556,2.027339071,2.011581456,1.984805585,1.969719466,1.946641629,1.940831636,1.930342921,1.954646173,1.96042754,2.001137713,1.981181203,1.969104172,1.996403809,2.001042084,2.008054212,2.057826084,2.073585058,2.033381796,1.969366048,1.901449622,1.866658067,1.854091654,1.831411463,1.836955133,1.818954551,1.797245228,1.742693654,1.706160082,1.681839397,1.61319227
Namibia,NAM,5.219,5.087,4.958,4.83,4.703,4.574,4.44,4.3,4.157,4.014,3.88,3.763,3.67,3.604,3.565,3.552,3.56,3.579,3.601,3.62,3.631,3.632,3.623,3.604,3.577,3.54,3.496,3.447,3.396,3.344,3.293
New Caledonia,NCL,3.18,3.15,2.99,2.86,2.7,2.59,2.65,2.67,2.54,2.48,2.59,2.43,2.33,2.27,2.18,2.2,2.29,2.2,2.2,2.2,2.2,2.15,2.28,2.19,2.17,2.06,2.08,1.97,1.97,1.94,1.923
Niger,NER,7.772,7.761,7.752,7.743,7.734,7.725,7.716,7.707,7.698,7.689,7.679,7.669,7.658,7.645,7.63,7.612,7.592,7.569,7.542,7.511,7.473,7.429,7.376,7.314,7.245,7.169,7.087,7.001,6.913,6.824,6.735
Nigeria,NGA,6.49,6.443,6.395,6.348,6.303,6.262,6.224,6.19,6.159,6.131,6.106,6.083,6.06,6.036,6.011,5.985,5.958,5.93,5.902,5.872,5.839,5.802,5.758,5.709,5.653,5.592,5.526,5.457,5.387,5.317,5.248
Nicaragua,NIC,4.596,4.432,4.267,4.102,3.937,3.775,3.62,3.473,3.339,3.218,3.111,3.019,2.941,2.874,2.816,2.767,2.725,2.689,2.657,2.628,2.601,2.575,2.55,2.526,2.503,2.48,2.455,2.43,2.404,2.377,2.349
Netherlands,NLD,1.62,1.61,1.59,1.57,1.57,1.53,1.53,1.56,1.63,1.65,1.72,1.71,1.73,1.75,1.72,1.71,1.72,1.72,1.77,1.79,1.79,1.76,1.72,1.68,1.71,1.66,1.66,1.62,1.59,1.57,1.55
Norway,NOR,1.93,1.92,1.88,1.86,1.87,1.87,1.89,1.86,1.81,1.85,1.85,1.78,1.75,1.8,1.83,1.84,1.9,1.9,1.96,1.98,1.95,1.88,1.85,1.78,1.75,1.72,1.71,1.62,1.56,1.53,1.48
Nepal,NPL,5.172,5.099,5.02,4.934,4.839,4.731,4.606,4.464,4.306,4.135,3.955,3.772,3.593,3.422,3.263,3.118,2.986,2.865,2.751,2.644,2.542,2.444,2.351,2.261,2.176,2.098,2.027,1.967,1.917,1.876,1.845
New Zealand,NZL,2.18,2.16,2.12,2.05,2,1.99,1.96,1.96,1.89,1.97,1.98,1.97,1.89,1.93,1.98,1.97,2.01,2.18,2.19,2.13,2.17,2.09,2.1,2.01,1.92,1.99,1.87,1.81,1.71,1.72,1.61
OECD members,OED,2.013754004,1.988274764,1.96151748,1.921429903,1.89831023,1.860317653,1.8495769,1.835242684,1.827454765,1.816081304,1.833894854,1.803962921,1.786086089,1.790927937,1.794199505,1.786818819,1.814909169,1.831233262,1.833472104,1.806078793,1.795871892,1.775043441,1.773173152,1.748516111,1.752836325,1.748503702,1.742068452,1.71201809,1.686605313,1.659762252,1.620974965
Oman,OMN,7.165,6.831,6.472,6.098,5.72,5.346,4.981,4.63,4.297,3.989,3.716,3.484,3.293,3.142,3.029,2.951,2.904,2.879,2.869,2.868,2.873,2.882,2.896,2.913,2.93,2.939,2.937,2.92,2.888,2.842,2.783
Other small states,OSS,4.390490289,4.301936587,4.232151201,4.140975606,4.06620902,3.984832241,3.91705576,3.828680756,3.754202566,3.695121614,3.638494837,3.575747751,3.535050291,3.491403823,3.46016981,3.419534357,3.379624947,3.350729744,3.319769429,3.287655309,3.252323043,3.221946926,3.199837518,3.17112253,3.152374407,3.127644543,3.106294312,3.078580553,3.04997555,3.017116658,2.983238374
Pakistan,PAK,6.164,6.091,6.007,5.912,5.808,5.694,5.571,5.442,5.308,5.172,5.037,4.904,4.774,4.648,4.528,4.416,4.31,4.211,4.118,4.031,3.951,3.88,3.816,3.759,3.708,3.66,3.612,3.562,3.51,3.454,3.394
Panama,PAN,3.057,2.999,2.95,2.909,2.877,2.852,2.83,2.81,2.789,2.767,2.744,2.72,2.698,2.679,2.663,2.651,2.643,2.637,2.632,2.628,2.622,2.613,2.601,2.584,2.564,2.54,2.514,2.487,2.461,2.437,2.415
Peru,PER,3.912,3.794,3.673,3.552,3.432,3.315,3.203,3.099,3.002,2.917,2.845,2.789,2.749,2.723,2.706,2.695,2.682,2.662,2.633,2.594,2.546,2.493,2.441,2.394,2.355,2.323,2.297,2.275,2.254,2.233,2.212
Philippines,PHL,4.32,4.246,4.177,4.113,4.056,4.005,3.961,3.922,3.886,3.85,3.811,3.766,3.712,3.65,3.579,3.504,3.429,3.359,3.294,3.236,3.18,3.121,3.055,2.979,2.894,2.805,2.718,2.64,2.576,2.526,2.49
Papua New Guinea,PNG,4.802,4.756,4.723,4.7,4.683,4.668,4.653,4.632,4.604,4.569,4.525,4.475,4.422,4.368,4.315,4.263,4.21,4.156,4.101,4.043,3.985,3.926,3.869,3.812,3.758,3.707,3.657,3.61,3.564,3.52,3.477
Poland,POL,2.06,2.07,1.95,1.87,1.81,1.62,1.59,1.51,1.44,1.37,1.37,1.31,1.25,1.22,1.23,1.24,1.27,1.31,1.39,1.4,1.41,1.33,1.33,1.29,1.32,1.32,1.39,1.48,1.46,1.44,1.38
Pre-demographic dividend,PRE,6.573277669,6.522992504,6.472761843,6.423615423,6.375855686,6.330075953,6.28474768,6.240021499,6.195270071,6.15061316,6.106330731,6.062690376,6.019025912,5.974753308,5.929233714,5.881649829,5.830680994,5.776694019,5.719160454,5.657434432,5.590877942,5.518147846,5.440308909,5.358875441,5.274782815,5.189378444,5.104322103,5.020796807,4.939727981,4.86171988,4.787040246
Puerto Rico,PRI,2.219,2.201,2.179,2.153,2.122,2.086,1.94,1.9,1.9,2,2.0485,1.9346,1.8317,1.7624,1.7822,1.7702,1.7123,1.6505,1.6516,1.6528,1.6235,1.5965,1.5425,1.47,1.432,1.3365,1.2425,1.101,1.035,0.982,0.9
"Korea, Dem. People's Rep.",PRK,2.289,2.262,2.235,2.202,2.164,2.122,2.08,2.044,2.017,1.999,1.991,1.988,1.988,1.986,1.982,1.975,1.966,1.957,1.949,1.943,1.938,1.934,1.931,1.929,1.926,1.922,1.917,1.911,1.904,1.896,1.887
Portugal,PRT,1.56,1.56,1.54,1.52,1.45,1.41,1.44,1.47,1.47,1.5,1.55,1.45,1.46,1.44,1.4,1.41,1.37,1.35,1.39,1.34,1.39,1.35,1.28,1.21,1.23,1.31,1.36,1.38,1.42,1.43,1.4
Paraguay,PRY,4.547,4.457,4.368,4.282,4.196,4.108,4.014,3.911,3.798,3.678,3.553,3.431,3.315,3.21,3.119,3.04,2.97,2.907,2.846,2.787,2.73,2.675,2.625,2.581,2.542,2.508,2.479,2.453,2.429,2.405,2.383
West Bank and Gaza,PSE,6.718,6.674,6.607,6.515,6.396,6.251,6.085,5.907,5.727,5.55,5.383,5.231,5.094,4.973,4.867,4.776,4.699,4.631,4.567,4.504,4.437,4.36,4.272,4.174,4.067,3.955,3.844,3.738,3.643,3.56,3.489
Pacific island small states,PSS,4.360237044,4.313360774,4.265010426,4.214393175,4.161303767,4.106357676,4.054525649,4.002596893,3.952470565,3.905568326,3.861957269,3.817332457,3.775608016,3.735993659,3.697912077,3.662719966,3.634892408,3.61096522,3.591790621,3.578597158,3.571277436,3.569497723,3.570464227,3.572301286,3.571814718,3.5672095,3.555351395,3.538085473,3.515224275,3.486783564,3.453555599
Post-demographic dividend,PST,1.749369624,1.724475637,1.703720711,1.663448678,1.642747567,1.610509555,1.604215112,1.593712942,1.591311089,1.585771027,1.616289885,1.588462324,1.578673023,1.597265841,1.612729902,1.613099767,1.659659689,1.68767049,1.699393977,1.672127529,1.661714486,1.644944836,1.652533744,1.624624243,1.634076937,1.6329243,1.624932898,1.5820788,1.551192606,1.519294341,1.476099701
French Polynesia,PYF,3.401,3.291,3.175,3.059,2.946,2.841,2.745,2.66,2.585,2.52,2.463,2.415,2.371,2.331,2.291,2.254,2.217,2.183,2.151,2.121,2.095,2.07,2.048,2.027,2.008,1.99,1.973,1.956,1.941,1.927,1.913
Qatar,QAT,4.013,3.893,3.795,3.714,3.647,3.588,3.532,3.473,3.407,3.329,3.236,3.124,2.996,2.858,2.713,2.569,2.433,2.312,2.211,2.13,2.07,2.027,1.997,1.972,1.95,1.929,1.907,1.886,1.866,1.846,1.827
Romania,ROU,1.83,1.59,1.51,1.43,1.4,1.33,1.3,1.32,1.32,1.3,1.31,1.27,1.27,1.3,1.33,1.4,1.42,1.45,1.6,1.66,1.59,1.47,1.52,1.46,1.56,1.62,1.69,1.71,1.76,1.77,1.6
Russian Federation,RUS,1.892,1.732,1.552,1.385,1.4,1.337,1.27,1.218,1.232,1.157,1.195,1.223,1.286,1.319,1.344,1.294,1.305,1.416,1.502,1.542,1.567,1.582,1.691,1.707,1.75,1.777,1.762,1.621,1.579,1.504,1.505
Rwanda,RWA,7.184,6.942,6.713,6.505,6.324,6.172,6.046,5.936,5.835,5.737,5.64,5.542,5.443,5.342,5.239,5.131,5.015,4.893,4.767,4.641,4.52,4.412,4.322,4.251,4.197,4.157,4.123,4.088,4.044,3.99,3.926
South Asia,SAS,4.299897299,4.210600137,4.125217693,4.043559111,3.963596983,3.886308801,3.810682411,3.735130613,3.658897287,3.583358145,3.507214778,3.43235861,3.357392086,3.283697977,3.210025974,3.136436575,3.060075228,2.982348123,2.902631172,2.82267069,2.745884211,2.674778476,2.611199416,2.555691383,2.50876728,2.470078825,2.438060907,2.410616673,2.384748211,2.359412714,2.335386404
Saudi Arabia,SAU,5.911,5.761,5.594,5.407,5.2,4.98,4.754,4.533,4.325,4.137,3.971,3.83,3.708,3.601,3.505,3.417,3.331,3.246,3.158,3.066,2.97,2.871,2.773,2.678,2.589,2.507,2.435,2.373,2.319,2.275,2.238
Sudan,SDN,6.152,6.091,6.028,5.964,5.897,5.829,5.758,5.686,5.614,5.542,5.471,5.402,5.334,5.268,5.204,5.143,5.085,5.03,4.977,4.926,4.876,4.824,4.771,4.715,4.656,4.594,4.532,4.469,4.407,4.347,4.289
Senegal,SEN,6.448,6.346,6.246,6.146,6.046,5.945,5.843,5.741,5.639,5.541,5.448,5.365,5.292,5.232,5.185,5.149,5.124,5.107,5.094,5.081,5.064,5.039,5.005,4.96,4.905,4.841,4.77,4.697,4.625,4.556,4.491
Singapore,SGP,1.83,1.73,1.72,1.74,1.71,1.67,1.66,1.61,1.48,1.47,1.6,1.41,1.37,1.27,1.26,1.26,1.28,1.29,1.28,1.22,1.15,1.2,1.29,1.19,1.25,1.24,1.2,1.16,1.14,1.14,1.1
Solomon Islands,SLB,5.851,5.728,5.596,5.461,5.326,5.197,5.077,4.968,4.872,4.789,4.719,4.659,4.606,4.558,4.513,4.473,4.44,4.417,4.403,4.399,4.403,4.413,4.428,4.443,4.455,4.459,4.452,4.434,4.403,4.361,4.309
Sierra Leone,SLE,6.721,6.711,6.696,6.674,6.645,6.608,6.564,6.512,6.455,6.39,6.319,6.242,6.158,6.067,5.969,5.863,5.747,5.621,5.487,5.346,5.202,5.06,4.923,4.793,4.672,4.561,4.457,4.359,4.263,4.169,4.077
El Salvador,SLV,3.964,3.889,3.815,3.74,3.662,3.577,3.482,3.377,3.263,3.144,3.022,2.903,2.792,2.691,2.604,2.529,2.465,2.41,2.358,2.31,2.265,2.224,2.187,2.154,2.126,2.101,2.079,2.059,2.039,2.021,2.002
Somalia,SOM,7.398,7.455,7.512,7.566,7.615,7.654,7.68,7.691,7.686,7.664,7.627,7.577,7.517,7.451,7.381,7.306,7.228,7.144,7.055,6.961,6.865,6.765,6.664,6.563,6.462,6.363,6.265,6.168,6.072,5.978,5.885
Sub-Saharan Africa (excluding high income),SSA,6.347729984,6.277412267,6.208019569,6.140673068,6.077455079,6.018316986,5.961994213,5.908333167,5.856206314,5.805575391,5.755829932,5.707218784,5.660135601,5.613553211,5.567787952,5.521450673,5.473272241,5.42365036,5.371754235,5.316866574,5.25835189,5.195533866,5.128613076,5.058619628,4.986544792,4.913149841,4.838898282,4.765397884,4.69342017,4.623303519,4.555674012
South Sudan,SSD,6.761,6.726,6.686,6.644,6.601,6.554,6.503,6.444,6.377,6.303,6.223,6.139,6.054,5.969,5.885,5.803,5.721,5.638,5.552,5.465,5.376,5.286,5.197,5.108,5.022,4.937,4.855,4.775,4.696,4.619,4.543
Sub-Saharan Africa,SSF,6.347729984,6.277412267,6.207513085,6.140673068,6.077455079,6.018316986,5.961994213,5.907775977,5.855644582,5.805019233,5.755293083,5.706678488,5.659602713,5.613046927,5.567295585,5.521001553,5.472827561,5.423245365,5.371375445,5.316514972,5.25798658,5.195218032,5.12831823,5.05832721,4.986266375,4.912890459,4.838661209,4.765176902,4.693213128,4.623105241,4.555482058
Small states,SST,4.007699238,3.932495306,3.872506775,3.796491452,3.733495695,3.66597058,3.608250729,3.537223866,3.474988865,3.423842992,3.374666489,3.320491333,3.282642484,3.243703791,3.214617255,3.180133061,3.14690803,3.122280847,3.096575932,3.070141935,3.041554516,3.016406448,2.997640626,2.974230582,2.958354653,2.938093445,2.920290939,2.897601611,2.874224865,2.847479534,2.819720573
Sao Tome and Principe,STP,5.828,5.769,5.704,5.635,5.562,5.487,5.414,5.345,5.282,5.226,5.176,5.131,5.09,5.049,5.007,4.964,4.919,4.872,4.825,4.776,4.727,4.677,4.627,4.577,4.527,4.477,4.426,4.374,4.321,4.267,4.214
Suriname,SUR,3.267,3.231,3.195,3.156,3.115,3.072,3.03,2.99,2.955,2.923,2.895,2.868,2.84,2.811,2.781,2.749,2.717,2.687,2.659,2.633,2.61,2.587,2.565,2.543,2.519,2.494,2.469,2.443,2.418,2.394,2.371
Slovak Republic,SVK,2.09,2.05,1.93,1.87,1.67,1.52,1.47,1.43,1.37,1.33,1.3,1.2,1.19,1.2,1.25,1.27,1.25,1.27,1.34,1.44,1.43,1.45,1.34,1.34,1.37,1.4,1.48,1.52,1.54,1.57,1.57
Slovenia,SVN,1.46,1.42,1.33,1.33,1.32,1.29,1.28,1.25,1.23,1.21,1.26,1.21,1.21,1.2,1.25,1.26,1.31,1.38,1.53,1.53,1.57,1.56,1.58,1.55,1.58,1.57,1.58,1.62,1.6,1.61,1.6
Sweden,SWE,2.13,2.11,2.09,1.99,1.88,1.73,1.6,1.52,1.5,1.5,1.54,1.57,1.65,1.71,1.75,1.77,1.85,1.88,1.91,1.94,1.98,1.9,1.91,1.89,1.88,1.85,1.85,1.78,1.76,1.71,1.66
Eswatini,SWZ,5.106,4.962,4.827,4.694,4.563,4.434,4.311,4.195,4.09,3.997,3.915,3.848,3.792,3.745,3.704,3.663,3.617,3.561,3.496,3.421,3.342,3.264,3.195,3.139,3.097,3.065,3.041,3.018,2.99,2.958,2.919
Syrian Arab Republic,SYR,5.309,5.106,4.92,4.757,4.617,4.501,4.402,4.314,4.232,4.152,4.076,4.007,3.948,3.899,3.857,3.814,3.762,3.696,3.613,3.514,3.404,3.29,3.181,3.085,3.005,2.94,2.889,2.847,2.808,2.771,2.734
Chad,TCD,7.313,7.346,7.376,7.399,7.416,7.425,7.426,7.419,7.405,7.384,7.354,7.315,7.268,7.212,7.147,7.074,6.992,6.901,6.803,6.699,6.592,6.482,6.372,6.262,6.154,6.049,5.947,5.846,5.747,5.649,5.553
East Asia & Pacific (IDA & IBRD countries),TEA,2.591306309,2.444907371,2.30327117,2.179665022,2.08049211,2.009422801,1.962349782,1.934235727,1.915749184,1.903762542,1.89527343,1.888785571,1.884158557,1.880336451,1.87725235,1.874758685,1.87236636,1.869988567,1.868915045,1.868181182,1.868168759,1.868477262,1.869538634,1.87080377,1.872190199,1.873511478,1.874896324,1.875179781,1.875312756,1.875083454,1.87377142
Europe & Central Asia (IDA & IBRD countries),TEC,2.309040599,2.208693186,2.092428686,1.969384259,1.919895667,1.850824248,1.781746347,1.716120365,1.678770752,1.624237975,1.616525993,1.602012062,1.620569328,1.629799826,1.660238453,1.636853815,1.665864442,1.730565107,1.803242581,1.814994171,1.813036153,1.803495698,1.855121826,1.865302041,1.901704612,1.917644074,1.915096527,1.858992004,1.860293453,1.847176593,1.845931127
Togo,TGO,6.185,6.068,5.96,5.861,5.772,5.695,5.628,5.569,5.515,5.466,5.419,5.372,5.326,5.279,5.231,5.179,5.123,5.064,5.001,4.936,4.868,4.798,4.727,4.656,4.585,4.516,4.449,4.384,4.32,4.259,4.199
Thailand,THA,2.113,2.055,2.003,1.956,1.911,1.867,1.823,1.781,1.742,1.705,1.671,1.641,1.616,1.595,1.58,1.568,1.56,1.554,1.549,1.545,1.542,1.539,1.538,1.538,1.538,1.538,1.537,1.532,1.525,1.514,1.501
Tajikistan,TJK,5.225,5.1,4.967,4.834,4.705,4.58,4.456,4.332,4.207,4.084,3.967,3.862,3.773,3.703,3.652,3.619,3.602,3.595,3.594,3.596,3.599,3.603,3.608,3.615,3.621,3.623,3.618,3.606,3.585,3.556,3.52
Turkmenistan,TKM,4.344,4.222,4.071,3.898,3.707,3.512,3.323,3.154,3.013,2.903,2.824,2.77,2.73,2.698,2.671,2.654,2.653,2.672,2.712,2.769,2.833,2.892,2.936,2.958,2.956,2.93,2.887,2.836,2.786,2.74,2.701
Latin America & the Caribbean (IDA & IBRD countries),TLA,3.31047149,3.23524571,3.164103169,3.095472146,3.02928228,2.964668083,2.900731621,2.838198278,2.776335001,2.715360571,2.655332974,2.596340245,2.538595453,2.483309645,2.430233034,2.381212597,2.335969387,2.295444343,2.259725178,2.227885991,2.199936925,2.175727613,2.15419004,2.134141471,2.114593147,2.095698423,2.07667149,2.057454707,2.03849405,2.019710483,2.001241011
Timor-Leste,TLS,5.478,5.515,5.556,5.597,5.638,5.684,5.746,5.826,5.921,6.023,6.113,6.171,6.182,6.137,6.033,5.876,5.675,5.451,5.223,5.004,4.805,4.637,4.497,4.383,4.292,4.219,4.156,4.093,4.023,3.943,3.853
Middle East & North Africa (IDA & IBRD countries),TMN,4.858933763,4.63663846,4.415796556,4.201857885,3.999454317,3.812439295,3.642264224,3.489260578,3.353377699,3.234339138,3.133569351,3.050038945,2.982516053,2.930020344,2.890168231,2.864368225,2.852375096,2.853272917,2.864343662,2.882027923,2.903014682,2.924159374,2.941806088,2.953237751,2.95617679,2.949051429,2.931256676,2.906722711,2.878414147,2.847422479,2.814892764
Tonga,TON,4.644,4.612,4.583,4.547,4.501,4.447,4.391,4.34,4.3,4.27,4.25,4.236,4.221,4.202,4.177,4.144,4.104,4.059,4.012,3.963,3.913,3.864,3.815,3.768,3.722,3.678,3.636,3.595,3.556,3.518,3.481
South Asia (IDA & IBRD),TSA,4.299897299,4.210600137,4.125217693,4.043559111,3.963596983,3.886308801,3.810682411,3.735130613,3.658897287,3.583358145,3.507214778,3.43235861,3.357392086,3.283697977,3.210025974,3.136436575,3.060075228,2.982348123,2.902631172,2.82267069,2.745884211,2.674778476,2.611199416,2.555691383,2.50876728,2.470078825,2.438060907,2.410616673,2.384748211,2.359412714,2.335386404
Sub-Saharan Africa (IDA & IBRD countries),TSS,6.347729984,6.277412267,6.207513085,6.140673068,6.077455079,6.018316986,5.961994213,5.907775977,5.855644582,5.805019233,5.755293083,5.706678488,5.659602713,5.613046927,5.567295585,5.521001553,5.472827561,5.423245365,5.371375445,5.316514972,5.25798658,5.195218032,5.12831823,5.05832721,4.986266375,4.912890459,4.838661209,4.765176902,4.693213128,4.623105241,4.555482058
Trinidad and Tobago,TTO,2.453,2.339,2.231,2.131,2.04,1.961,1.896,1.843,1.801,1.772,1.753,1.744,1.744,1.749,1.758,1.769,1.78,1.79,1.799,1.804,1.806,1.804,1.799,1.79,1.78,1.767,1.753,1.739,1.725,1.711,1.699
Tunisia,TUN,3.476,3.276,3.085,2.907,2.747,2.606,2.485,2.379,2.287,2.208,2.142,2.088,2.046,2.016,1.997,1.991,1.999,2.02,2.054,2.095,2.14,2.182,2.216,2.24,2.252,2.251,2.238,2.219,2.197,2.174,2.151
Turkiye,TUR,3.107,3.016,2.937,2.868,2.809,2.755,2.705,2.657,2.607,2.556,2.503,2.451,2.4,2.353,2.31,2.273,2.24,2.213,2.189,2.168,2.151,2.137,2.126,2.117,2.109,2.101,2.092,2.081,2.069,2.055,2.039
Tanzania,TZA,6.213,6.148,6.081,6.013,5.946,5.883,5.828,5.78,5.741,5.711,5.689,5.675,5.666,5.659,5.651,5.638,5.616,5.584,5.542,5.489,5.427,5.358,5.287,5.215,5.146,5.079,5.015,4.953,4.892,4.832,4.773
Uganda,UGA,7.091,7.082,7.071,7.057,7.039,7.018,6.994,6.967,6.937,6.903,6.866,6.823,6.776,6.723,6.662,6.594,6.516,6.429,6.333,6.227,6.111,5.983,5.845,5.699,5.547,5.394,5.242,5.095,4.955,4.824,4.703
Ukraine,UKR,1.85,1.776,1.674,1.562,1.468,1.398,1.335,1.272,1.211,1.127,1.116,1.078,1.095,1.172,1.218,1.213,1.31,1.345,1.458,1.473,1.443,1.459,1.531,1.506,1.498,1.506,1.466,1.374,1.301,1.228,1.217
Upper middle income,UMC,2.546509592,2.407599182,2.275988159,2.157711324,2.0742465,2.006855029,1.960349073,1.927549564,1.908041623,1.887006431,1.872897689,1.860382455,1.852021857,1.84322648,1.836628681,1.824812692,1.819598827,1.821607217,1.824605866,1.823371649,1.823791312,1.824861246,1.833653401,1.836690699,1.842179204,1.845463332,1.846409459,1.83738419,1.834790708,1.830045859,1.828765335
Uruguay,URY,2.52,2.509,2.491,2.466,2.436,2.401,2.364,2.328,2.295,2.265,2.237,2.211,2.184,2.156,2.126,2.097,2.07,2.048,2.03,2.018,2.011,2.008,2.006,2.004,2.002,1.997,1.991,1.983,1.973,1.963,1.952
United States,USA,2.081,2.0625,2.046,2.0195,2.0015,1.978,1.976,1.971,1.999,2.0075,2.056,2.0305,2.0205,2.0475,2.0515,2.057,2.108,2.12,2.072,2.002,1.931,1.8945,1.8805,1.8575,1.8625,1.8435,1.8205,1.7655,1.7295,1.706,1.6375
Uzbekistan,UZB,4.072,4.199,4.004,3.8,3.537,3.596,3.32,3.082,2.815,2.72,2.58,2.46,2.52,2.36,2.46,2.36,2.39,2.554,2.637,2.53,2.342,2.236,2.193,2.35,2.457,2.491,2.455,2.419,2.604,2.785,2.9
St. Vincent and the Grenadines,VCT,2.956,2.907,2.86,2.811,2.76,2.703,2.641,2.576,2.509,2.442,2.379,2.321,2.271,2.229,2.196,2.17,2.149,2.131,2.112,2.092,2.07,2.046,2.021,1.998,1.975,1.953,1.931,1.911,1.891,1.872,1.854
"Venezuela, RB",VEN,3.448,3.37,3.292,3.218,3.147,3.082,3.022,2.967,2.915,2.867,2.822,2.779,2.739,2.701,2.664,2.629,2.595,2.562,2.53,2.5,2.471,2.444,2.417,2.39,2.365,2.34,2.317,2.294,2.272,2.25,2.23
Virgin Islands (U.S.),VIR,2.954,2.895,2.812,2.712,2.599,2.481,2.367,2.266,2.185,2.129,2.06,1.9,2.21,2.07,2.17,2.24,2.03,2.51,2.44,2.37,2.3,2.16,2.06,2.08,2.09,2.11,2.09,2.08,2.06,2.05,2.03
Vietnam,VNM,3.553,3.415,3.26,3.089,2.904,2.714,2.529,2.359,2.213,2.096,2.01,1.954,1.92,1.901,1.894,1.894,1.899,1.907,1.918,1.928,1.938,1.949,1.962,1.978,1.996,2.014,2.03,2.042,2.049,2.05,2.046
Vanuatu,VUT,4.926,4.883,4.841,4.798,4.754,4.708,4.662,4.616,4.573,4.531,4.492,4.454,4.416,4.378,4.34,4.301,4.261,4.221,4.18,4.14,4.1,4.06,4.019,3.979,3.939,3.898,3.859,3.82,3.782,3.744,3.707
World,WLD,3.248547126,3.157520604,3.071547794,2.987501805,2.921954514,2.86273131,2.8171996,2.777375667,2.746515617,2.716987541,2.696277399,2.666498391,2.643596129,2.624969058,2.60874732,2.588162928,2.577263136,2.567086656,2.554986219,2.534291657,2.516385241,2.498637564,2.488923693,2.472313637,2.464809125,2.455432254,2.444848504,2.427294765,2.414921775,2.401720116,2.387122928
Samoa,WSM,5.118,5.034,4.956,4.882,4.815,4.751,4.692,4.637,4.587,4.541,4.503,4.476,4.46,4.454,4.456,4.46,4.46,4.45,4.426,4.388,4.338,4.277,4.212,4.147,4.086,4.029,3.976,3.926,3.877,3.83,3.785
Kosovo,XKX,3.9,3.58,2.96,2.84,2.71,2.7,2.7,2.46,2.57,2.88,2.95,2.8,2.66,2.34,2.53,2.65,2.43,2.43,2.38,2.34,2.29,2.24,2.19,2.16,2.13,2.09,2.06,2.02,2,1.97,1.95
"Yemen, Rep.",YEM,8.606,8.459,8.272,8.048,7.795,7.525,7.251,6.986,6.738,6.514,6.313,6.13,5.954,5.778,5.601,5.425,5.253,5.09,4.94,4.801,4.674,4.554,4.439,4.326,4.214,4.103,3.994,3.89,3.792,3.7,3.614
South Africa,ZAF,3.964,3.784,3.607,3.438,3.283,3.144,3.023,2.919,2.829,2.754,2.694,2.652,2.624,2.608,2.603,2.603,2.607,2.61,2.611,2.608,2.598,2.582,2.561,2.537,2.511,2.484,2.457,2.43,2.405,2.381,2.358
Zambia,ZMB,6.442,6.384,6.329,6.278,6.231,6.189,6.153,6.121,6.093,6.065,6.036,6.003,5.963,5.915,5.859,5.794,5.724,5.65,5.574,5.496,5.415,5.328,5.233,5.132,5.026,4.918,4.814,4.718,4.633,4.559,4.496
Zimbabwe,ZWE,4.862,4.676,4.503,4.346,4.207,4.088,3.989,3.907,3.839,3.786,3.748,3.725,3.718,3.725,3.744,3.775,3.819,3.873,3.931,3.988,4.034,4.059,4.058,4.03,3.974,3.896,3.804,3.707,3.615,3.531,3.46